{"cameraMode":{"drawMode":0,"name":"Shaded","section":"Shading Mode"},"sceneLighting":true,"audioPlay":false,"sceneViewState":{"m_AlwaysRefresh":false,"showFog":true,"showSkybox":true,"showFlares":true,"showImageEffects":true,"showParticleSystems":true,"showVisualEffectGraphs":true,"m_FxEnabled":false},"in2DMode":false,"pivot":{"x":-2.9128870964050295,"y":8.758716583251954,"z":13.465391159057618},"rotation":{"x":0.3613739013671875,"y":0.07962914556264878,"z":-0.03155016526579857,"w":0.9287989139556885},"size":0.6095755696296692,"orthographic":false}