{"cameraMode":{"drawMode":0,"name":"Shaded","section":"Shading Mode"},"sceneLighting":false,"audioPlay":false,"sceneViewState":{"m_AlwaysRefresh":false,"showFog":false,"showSkybox":false,"showFlares":false,"showImageEffects":false,"showParticleSystems":false,"showVisualEffectGraphs":true,"m_FxEnabled":true},"in2DMode":false,"pivot":{"x":-0.0000785142183303833,"y":0.118372842669487,"z":-0.013500645756721497},"rotation":{"x":-0.0827396810054779,"y":0.6773746609687805,"z":-0.07767081260681153,"w":-0.727156400680542},"size":0.2148943990468979,"orthographic":false}